Date,Met Station,Dental College,Townhall,EPA Gulberg,Mobile Barkat Market,Mobile Gulberg,DHA Phase 8,Dha Phase 6,Akbar Chok,Green Town,College Road,QA Industrial Estate,Townhall,Gajjumata,Dillu Kurd,Samad Parel,Bubtian Chok,Green Fort,Rafaqat Chok,Shahdarah Chok,Atarti Industrial Estate,Kamahan Ashyana,Kot Lakhpat,Mobile Qurtaba,Shimla Pahari,Wagha Town,Bedian Road,UOP,TNB
4/1/2019,51.743,,,,,,,,,,,,,,,,,,,,,,,,,,,,
4/2/2019,62.149,,,,,,,,,,,,,,,,,,,,,,,,,,,,
4/3/2019,68.765,,,,,,,,,,,,,,,,,,,,,,,,,,,,
4/4/2019,99.162,,,,,,,,,,,,,,,,,,,,,,,,,,,,
4/5/2019,93.484,,,,,,,,,,,,,,,,,,,,,,,,,,,,
4/6/2019,65.2,,,,,,,,,,,,,,,,,,,,,,,,,,,,
4/7/2019,28.861,,,,,,,,,,,,,,,,,,,,,,,,,,,,
4/8/2019,35.807,,,,,,,,,,,,,,,,,,,,,,,,,,,,
4/9/2019,50.943,,,,,,,,,,,,,,,,,,,,,,,,,,,,
4/10/2019,39.469,,,,,,,,,,,,,,,,,,,,,,,,,,,,
4/11/2019,41.21,,,,,,,,,,,,,,,,,,,,,,,,,,,,
4/12/2019,30.808,,,,,,,,,,,,,,,,,,,,,,,,,,,,
4/13/2019,34.45,,,,,,,,,,,,,,,,,,,,,,,,,,,,
4/14/2019,29.723,,,,,,,,,,,,,,,,,,,,,,,,,,,,
4/15/2019,48.213,,,,,,,,,,,,,,,,,,,,,,,,,,,,
4/16/2019,18.807,,,,,,,,,,,,,,,,,,,,,,,,,,,,
4/17/2019,30.613,,,,,,,,,,,,,,,,,,,,,,,,,,,,
4/18/2019,47.57,,,,,,,,,,,,,,,,,,,,,,,,,,,,
4/19/2019,67.241,,,,,,,,,,,,,,,,,,,,,,,,,,,,
4/20/2019,65.717,,,,,,,,,,,,,,,,,,,,,,,,,,,,
4/21/2019,64.377,,,,,,,,,,,,,,,,,,,,,,,,,,,,
4/22/2019,59.29,,,,,,,,,,,,,,,,,,,,,,,,,,,,
4/23/2019,62.854,,,,,,,,,,,,,,,,,,,,,,,,,,,,
4/24/2019,36.759,,,,,,,,,,,,,,,,,,,,,,,,,,,,
4/25/2019,41.531,,,,,,,,,,,,,,,,,,,,,,,,,,,,
4/26/2019,31.946,,,,,,,,,,,,,,,,,,,,,,,,,,,,
4/27/2019,49.935,,,,,,,,,,,,,,,,,,,,,,,,,,,,
4/28/2019,64.148,,,,,,,,,,,,,,,,,,,,,,,,,,,,
4/29/2019,50.074,,,,,,,,,,,,,,,,,,,,,,,,,,,,
4/30/2019,35.23,,,,,,,,,,,,,,,,,,,,,,,,,,,,
8/10/2019,23.024,,,,,,,,,,,,,,,,,,,,,,,,,,,,
8/11/2019,19.016,,,,,,,,,,,,,,,,,,,,,,,,,,,,
8/12/2019,19.9388,,,,,,,,,,,,,,,,,,,,,,,,,,,,
8/13/2019,17.205,,,,,,,,,,,,,,,,,,,,,,,,,,,,
8/14/2019,21.117,,,,,,,,,,,,,,,,,,,,,,,,,,,,
8/15/2019,16.81,,,,,,,,,,,,,,,,,,,,,,,,,,,,
8/16/2019,15.228,,,,,,,,,,,,,,,,,,,,,,,,,,,,
8/17/2019,14.992,,,,,,,,,,,,,,,,,,,,,,,,,,,,
8/18/2019,15.295,,,,,,,,,,,,,,,,,,,,,,,,,,,,
8/19/2019,11.554,,,,,,,,,,,,,,,,,,,,,,,,,,,,
8/2/2019,12.225,34.246,,,,,,,,,,,,,,,,,,,,,,,,,,,
8/20/2019,22.751,,,,,,,,,,,,,,,,,,,,,,,,,,,,
8/21/2019,32.03,,,,,,,,,,,,,,,,,,,,,,,,,,,,
8/22/2019,24.036,,,,,,,,,,,,,,,,,,,,,,,,,,,,
8/23/2019,23.563,42.867,,,,,,,,,,,,,,,,,,,,,,,,,,,
8/24/2019,31.33,88.014,,,,,,,,,,,,,,,,,,,,,,,,,,,
8/25/2019,26.828,69.733,,,,,,,,,,,,,,,,,,,,,,,,,,,
8/27/2019,34.759,129.886,,,,,,,,,,,,,,,,,,,,,,,,,,,
8/29/2019,29.232,83.859,,,,,,,,,,,,,,,,,,,,,,,,,,,
8/3/2019,23.61,57.007,,,,,,,,,,,,,,,,,,,,,,,,,,,
8/30/2019,22.379,72.506,,,,,,,,,,,,,,,,,,,,,,,,,,,
8/31/2019,34.124,109.635,,,,,,,,,,,,,,,,,,,,,,,,,,,
8/4/2019,20.852,54.368,,,,,,,,,,,,,,,,,,,,,,,,,,,
8/9/2019,48.398,,,,,,,,,,,,,,,,,,,,,,,,,,,,
12/2/2019,114.051,219.075,,102.205,112.75,,,,,,,,,,,,,,,,,,,,,,,,
12/3/2019,123.547,275.954,,122.154,,,,,,,,,,,,,,,,,,,,,,,,,
12/4/2019,135.861,256.56,,150.137,,,,,,,,,,,,,,,,,,,,,,,,,
12/5/2019,144.096,247.686,,143.997,,,,,,,,,,,,,,,,,,,,,,,,,
12/7/2019,132.396,257.03,,97.872,,,,,,,,,,,,,,,,,,,,,,,,,
12/8/2019,159.873,346.68,,27.31,,,,,,,,,,,,,,,,,,,,,,,,,
12/9/2019,164.2,354.041,,18.095,,,,,,,,,,,,,,,,,,,,,,,,,
12/10/2019,187.775,448.155,,20.538,,,,,,,,,,,,,,,,,,,,,,,,,
12/11/2019,159.142,308.674,,18.686,,,,,,,,,,,,,,,,,,,,,,,,,
12/12/2019,99.009,201.864,,7.494,,,,,,,,,,,,,,,,,,,,,,,,,
12/13/2019,51.654,90.976,,3.088,,,,,,,,,,,,,,,,,,,,,,,,,
12/14/2019,79.219,149.247,,,,,,,,,,,,,,,,,,,,,,,,,,,
12/15/2019,74.883,208.015,,,,,,,,,,,,,,,,,,,,,,,,,,,
12/16/2019,71.849,230.256,,,,,,,,,,,,,,,,,,,,,,,,,,,
12/17/2019,114.283,137.656,,,,,,,,,,,,,,,,,,,,,,,,,,,
12/18/2019,119.072,259.124,,,,112.5,,,,,,,,,,,,,,,,,,,,,,,
12/19/2019,101.603,200.475,,,,,,,,,,,,,,,,,,,,,,119.01,,,,,
12/20/2019,157.597,355.207,,,,,,,,,,,,,,,,,,,,,,,,,,,
12/21/2019,108.857,215.111,,,,,,,,,,,,,,,,,,,,,,,,,,,
12/22/2019,105.686,215.332,,,,,,,,,,,,,,,,,,,,,,,,,,,
12/23/2019,124.963,220.276,,,,,,,,,,,,,,,,,,,,,,,,,,,
12/26/2019,95.899,205.817,,,,,,,,,,,,,,,,,,,,,,,,,,,
12/27/2019,100.263,180.668,,,,,,,,,,,,,,,,,,,,,,,,,,,
12/28/2019,96.935,218.797,,,,,,,,,,,,,,,,,,,,,,,,,,,
2/1/2019,26.123,70.435,,,,,,,,,,,,,,,,,,,,,,,,,,,
2/10/2019,,148.333,,,,,,,,,,,,,,,,,,,,,,,,,,,
2/11/2019,31.683,197.839,,,,,,,,,,,,,,,,,,,,,,,,,,,
2/12/2019,96.545,244.796,,,,,,,,,,,,,,,,,,,,,,,,,,,
2/13/2019,51.306,51.306,,,,,,,,,,,,,,,,,,,,,,,,,,,
2/14/2019,103.276,103.276,,,,,,,,,,,,,,,,,,,,,,,,,,,
2/15/2019,123.086,85.411,,,,,,,,,,,,,,,,,,,,,,,,,,,
2/16/2019,105.12,144.411,,,,,,,,,,,,,,,,,,,,,,,,,,,
2/17/2019,88.474,138.667,,,,,,,,,,,,,,,,,,,,,,,,,,,
2/18/2019,45.284,50.424,,,,,,,,,,,,,,,,,,,,,,,,,,,
2/19/2019,70.124,56.028,,,,,,,,,,,,,,,,,,,,,,,,,,,
2/2/2019,26.533,134.949,,,,,,,,,,,,,,,,,,,,,,,,,,,
2/20/2019,72.693,72.693,,,,,,,,,,,,,,,,,,,,,,,,,,,
2/21/2019,43.539,52.397,,,,,,,,,,,,,,,,,,,,,,,,,,,
2/22/2019,51.469,51.469,,,,,,,,,,,,,,,,,,,,,,,,,,,
2/23/2019,78.336,197.965,,,,,,,,,,,,,,,,,,,,,,,,,,,
2/24/2019,76.264,109.568,,,,,,,,,,,,,,,,,,,,,,,,,,,
2/25/2019,86.01,194.567,,,,,,,,,,,,,,,,,,,,,,,,,,,
2/26/2019,55.717,65.762,,,,,,,,,,,,,,,,,,,,,,,,,,,
2/27/2019,63.476,,,,,,,,,,,,,,,,,,,,,,,,,,,,
2/28/2019,82.903,77.646,,,,,,,,,,,,,,,,,,,,,,,,,,,
2/3/2019,29.892,220.817,,,,,,,,,,,,,,,,,,,,,,,,,,,
2/4/2019,30.126,216.486,,,,,,,,,,,,,,,,,,,,,,,,,,,
2/5/2019,17.545,212.325,,,,,,,,,,,,,,,,,,,,,,,,,,,
2/6/2019,8.4,124.729,,,,,,,,,,,,,,,,,,,,,,,,,,,
2/7/2019,,61.51,,,,,,,,,,,,,,,,,,,,,,,,,,,
2/8/2019,,53.459,,,,,,,,,,,,,,,,,,,,,,,,,,,
2/9/2019,,109.634,,,,,,,,,,,,,,,,,,,,,,,,,,,
1/1/2019,159.093,440.88,,,,,,,,,,,,,,,,,,,,,,,,,,,
1/2/2019,111.831,446.313,,,,,,,,,,,,,,,,,,,,,,,,,,,
1/3/2019,63.487,257.009,,,,,,,,,,,,,,,,,,,,,,,,,,,
1/4/2019,113.901,,,,,,,,,,,,,,,,,,,,,,,,,,,,
1/5/2019,90.38,,,,,,,,,,,,,,,,,,,,,,,,,,,,
1/6/2019,62.732,,,,,,,,,,,,,,,,,,,,,,,,,,,,
1/7/2019,93.595,175.168,,,,,,,,,,,,,,,,,,,,,,,,,,,
1/8/2019,90.026,209.285,,,,,,,,,,,,,,,,,,,,,,,,,,,
1/9/2019,72.258,201.819,,,,,,,,,,,,,,,,,,,,,,,,,,,
1/10/2019,82.336,208.404,,,,,,,,,,,,,,,,,,,,,,,,,,,
1/11/2019,99.026,212.782,,,,,,,,,,,,,,,,,,,,,,,,,,,
1/12/2019,76.449,76.449,,,,,,,,,,,,,,,,,,,,,,,,,,,
1/13/2019,31.984,72.122,,,,,,,,,,,,,,,,,,,,,,,,,,,
1/14/2019,37.462,99.753,,,,,,,,,,,,,,,,,,,,,,,,,,,
1/15/2019,70.989,217.439,,,,,,,,,,,,,,,,,,,,,,,,,,,
1/16/2019,67.198,274.757,,,,,,,,,,,,,,,,,,,,,,,,,,,
1/17/2019,91.003,277.076,,,,,,,,,,,,,,,,,,,,,,,,,,,
1/18/2019,63.153,232.196,,,,,,,,,,,,,,,,,,,,,,,,,,,
1/19/2019,57.166,231.868,,,,,,,,,,,,,,,,,,,,,,,,,,,
1/20/2019,36.793,201.236,,,,,,,,,,,,,,,,,,,,,,,,,,,
1/21/2019,30.325,85.715,,,,,,,,,,,,,,,,,,,,,,,,,,,
1/22/2019,24.382,45.805,,,,,,,,,,,,,,,,,,,,,,,,,,,
1/23/2019,45.201,67.371,,,,,,,,,,,,,,,,,,,,,,,,,,,
1/24/2019,79.851,155.754,,,,,,,,,,,,,,,,,,,,,,,,,,,
1/25/2019,64.374,196.062,,,,,,,,,,,,,,,,,,,,,,,,,,,
1/26/2019,77.873,163.862,,,,,,,,,,,,,,,,,,,,,,,,,,,
1/27/2019,52.023,319.068,,,,,,,,,,,,,,,,,,,,,,,,,,,
1/28/2019,55.692,257.743,,,,,,,,,,,,,,,,,,,,,,,,,,,
1/29/2019,44.914,134.676,,,,,,,,,,,,,,,,,,,,,,,,,,,
1/30/2019,39.459,261.908,,,,,,,,,,,,,,,,,,,,,,,,,,,
1/31/2019,15.281,63.282,,,,,,,,,,,,,,,,,,,,,,,,,,,
7/1/2019,34.938,,,,,,,,,,,,,,,,,,,,,,,,,,,,
7/3/2019,37.645,,,,,,,,,,,,,,,,,,,,,,,,,,,,
7/5/2019,20.378,,,,,,,,,,,,,,,,,,,,,,,,,,,,
7/6/2019,33.19,,,,,,,,,,,,,,,,,,,,,,,,,,,,
7/10/2019,45.075,,,,,,,,,,,,,,,,,,,,,,,,,,,,
7/12/2019,90.801,,,,,,,,,,,,,,,,,,,,,,,,,,,,
7/13/2019,45.733,,,,,,,,,,,,,,,,,,,,,,,,,,,,
7/14/2019,18.692,,,,,,,,,,,,,,,,,,,,,,,,,,,,
7/21/2019,29.577,96.333,,,,,,,,,,,,,,,,,,,,,,,,,,,
7/24/2019,30.645,114.615,,,,,,,,,,,,,,,,,,,,,,,,,,,
7/25/2019,13.795,,,,,,,,,,,,,,,,,,,,,,,,,,,,
7/4/2019,36.653,,,,,,,,,,,,,,,,,,,,,,,,,,,,
7/7/2019,36.837,,,,,,,,,,,,,,,,,,,,,,,,,,,,
7/8/2019,40.458,,,,,,,,,,,,,,,,,,,,,,,,,,,,
7/9/2019,29.511,,,,,,,,,,,,,,,,,,,,,,,,,,,,
6/6/2019,15.431,,,,,,,,,,,,,,,,,,,,,,,,,,,,
6/8/2019,32.146,,,,,,,,,,,,,,,,,,,,,,,,,,,,
6/9/2019,32.186,,,,,,,,,,,,,,,,,,,,,,,,,,,,
6/1/2019,52.131,,,,,,,,,,,,,,,,,,,,,,,,,,,,
6/10/2019,39.7,,,,,,,,,,,,,,,,,,,,,,,,,,,,
6/11/2019,46.478,,,,,,,,,,,,,,,,,,,,,,,,,,,,
6/12/2019,35.049,,,,,,,,,,,,,,,,,,,,,,,,,,,,
6/13/2019,29.874,,,,,,,,,,,,,,,,,,,,,,,,,,,,
6/14/2019,29.653,,,,,,,,,,,,,,,,,,,,,,,,,,,,
6/15/2019,38.511,,,,,,,,,,,,,,,,,,,,,,,,,,,,
6/16/2019,33.934,,,,,,,,,,,,,,,,,,,,,,,,,,,,
6/17/2019,20.08,,,,,,,,,,,,,,,,,,,,,,,,,,,,
6/18/2019,42.053,,,,,,,,,,,,,,,,,,,,,,,,,,,,
6/19/2019,63.184,,,,,,,,,,,,,,,,,,,,,,,,,,,,
6/2/2019,40.556,,,,,,,,,,,,,,,,,,,,,,,,,,,,
6/20/2019,42.532,,,,,,,,,,,,,,,,,,,,,,,,,,,,
6/21/2019,48.254,,,,,,,,,,,,,,,,,,,,,,,,,,,,
6/3/2019,62.475,,,,,,,,,,,,,,,,,,,,,,,,,,,,
6/4/2019,28.455,,,,,,,,,,,,,,,,,,,,,,,,,,,,
6/5/2019,30.879,,,,,,,,,,,,,,,,,,,,,,,,,,,,
6/7/2019,21.9,,,,,,,,,,,,,,,,,,,,,,,,,,,,
3/6/2019,69.498,162.141,,,,,,,,,,,,,,,,,,,,,,,,,,,
3/7/2019,79.168,95.386,,,,,,,,,,,,,,,,,,,,,,,,,,,
3/8/2019,76.308,76.308,,,,,,,,,,,,,,,,,,,,,,,,,,,
3/9/2019,72.38,100.506,,,,,,,,,,,,,,,,,,,,,,,,,,,
3/1/2019,97.28,122.346,,,,,,,,,,,,,,,,,,,,,,,,,,,
3/10/2019,60.529,98.742,,,,,,,,,,,,,,,,,,,,,,,,,,,
3/11/2019,48.958,53.265,,,,,,,,,,,,,,,,,,,,,,,,,,,
3/12/2019,74.762,55.68,,,,,,,,,,,,,,,,,,,,,,,,,,,
3/13/2019,72.457,182.668,,,,,,,,,,,,,,,,,,,,,,,,,,,
3/14/2019,74.658,90.923,,,,,,,,,,,,,,,,,,,,,,,,,,,
3/15/2019,69.747,103.769,,,,,,,,,,,,,,,,,,,,,,,,,,,
3/16/2019,70.187,194.976,,,,,,,,,,,,,,,,,,,,,,,,,,,
3/17/2019,61.851,131.313,,,,,,,,,,,,,,,,,,,,,,,,,,,
3/18/2019,78.037,137.952,,,,,,,,,,,,,,,,,,,,,,,,,,,
3/19/2019,68.33,117.396,,,,,,,,,,,,,,,,,,,,,,,,,,,
3/2/2019,39.124,52.144,,,,,,,,,,,,,,,,,,,,,,,,,,,
3/20/2019,28.755,24.959,,,,,,,,,,,,,,,,,,,,,,,,,,,
3/21/2019,52.965,,,,,,,,,,,,,,,,,,,,,,,,,,,,
3/22/2019,59.299,,,,,,,,,,,,,,,,,,,,,,,,,,,,
3/23/2019,48.507,,,,,,,,,,,,,,,,,,,,,,,,,,,,
3/24/2019,53.181,,,,,,,,,,,,,,,,,,,,,,,,,,,,
3/25/2019,70.907,,,,,,,,,,,,,,,,,,,,,,,,,,,,
3/26/2019,72.91,,,,,,,,,,,,,,,,,,,,,,,,,,,,
3/27/2019,84.879,,,,,,,,,,,,,,,,,,,,,,,,,,,,
3/28/2019,69.779,,,,,,,,,,,,,,,,,,,,,,,,,,,,
3/29/2019,82.261,,,,,,,,,,,,,,,,,,,,,,,,,,,,
3/3/2019,50.929,56.719,,,,,,,,,,,,,,,,,,,,,,,,,,,
3/31/2019,30.059,,,,,,,,,,,,,,,,,,,,,,,,,,,,
3/4/2019,67.768,86.572,,,,,,,,,,,,,,,,,,,,,,,,,,,
3/5/2019,78.363,121.19,,,,,,,,,,,,,,,,,,,,,,,,,,,
5/8/2019,52.937,,,,,,,,,,,,,,,,,,,,,,,,,,,,
5/9/2019,74.763,,,,,,,,,,,,,,,,,,,,,,,,,,,,
5/1/2019,39.125,,,,,,,,,,,,,,,,,,,,,,,,,,,,
5/10/2019,55.086,,,,,,,,,,,,,,,,,,,,,,,,,,,,
5/11/2019,47.742,,,,,,,,,,,,,,,,,,,,,,,,,,,,
5/12/2019,53.112,,,,,,,,,,,,,,,,,,,,,,,,,,,,
5/13/2019,61.361,,,,,,,,,,,,,,,,,,,,,,,,,,,,
5/14/2019,27.71,,,,,,,,,,,,,,,,,,,,,,,,,,,,
5/15/2019,45.254,,,,,,,,,,,,,,,,,,,,,,,,,,,,
5/16/2019,48.435,,,,,,,,,,,,,,,,,,,,,,,,,,,,
5/17/2019,53.192,,,,,,,,,,,,,,,,,,,,,,,,,,,,
5/18/2019,37.124,,,,,,,,,,,,,,,,,,,,,,,,,,,,
5/19/2019,49.345,,,,,,,,,,,,,,,,,,,,,,,,,,,,
5/2/2019,30.35,,,,,,,,,,,,,,,,,,,,,,,,,,,,
5/20/2019,32.593,,,,,,,,,,,,,,,,,,,,,,,,,,,,
5/21/2019,37.198,,,,,,,,,,,,,,,,,,,,,,,,,,,,
5/22/2019,54.841,,,,,,,,,,,,,,,,,,,,,,,,,,,,
5/23/2019,27.613,,,,,,,,,,,,,,,,,,,,,,,,,,,,
5/24/2019,19.938,,,,,,,,,,,,,,,,,,,,,,,,,,,,
5/25/2019,23.825,,,,,,,,,,,,,,,,,,,,,,,,,,,,
5/26/2019,35.57,,,,,,,,,,,,,,,,,,,,,,,,,,,,
5/27/2019,33.547,,,,,,,,,,,,,,,,,,,,,,,,,,,,
5/28/2019,41.232,,,,,,,,,,,,,,,,,,,,,,,,,,,,
5/29/2019,46.67,,,,,,,,,,,,,,,,,,,,,,,,,,,,
5/3/2019,31.898,,,,,,,,,,,,,,,,,,,,,,,,,,,,
5/30/2019,58.468,,,,,,,,,,,,,,,,,,,,,,,,,,,,
5/31/2019,46.089,,,,,,,,,,,,,,,,,,,,,,,,,,,,
5/4/2019,39.268,,,,,,,,,,,,,,,,,,,,,,,,,,,,
5/5/2019,55.737,,,,,,,,,,,,,,,,,,,,,,,,,,,,
5/6/2019,55.288,,,,,,,,,,,,,,,,,,,,,,,,,,,,
5/7/2019,55.447,,,,,,,,,,,,,,,,,,,,,,,,,,,,
11/1/2019,130.353,289.144,,112.285,,,,,,,,,,,,,,,,,,,,,,,,,
11/2/2019,110.317,46.732,,89.755,,,,,,,,,,,,,,,,,,,,,,,,,
11/3/2019,74.958,240.926,,66.283,,,,,,,,,,,,,,,,,,,,,,,,,
11/4/2019,76.313,203.017,,57.051,,,,,,,,,,,,,,,,,,,,,,,,,
11/5/2019,73.631,193.357,,48.753,,,,,,,,,,,,,,,,,,,,,,,,,
11/6/2019,105.447,105.447,,71.175,,,,,,,,,,,,,,,,,,,,,,,,,
11/7/2019,30.764,65.463,,31.603,,,,,,,,,,,,,,,,,,,,,,,,,
11/8/2019,26.025,86.452,,48.349,,,,,,,,,,,,,,,,,,,,,,,,,
11/9/2019,40.837,167.64,,72.566,,,,,,,,,,,,,,,,,,,,,,,,,
11/10/2019,32.681,166.081,,78.118,,,,,,,,,,,,,,,,,,,,,,,,,
11/11/2019,81.566,182.977,,89.442,,,,,,,,,,,,,,,,,,,,,,,,,
11/12/2019,142.266,288.528,,119.764,,,,,,,,,,,,,,,,,,,,,,,,,
11/13/2019,187.498,382.84,,134.658,,,,,,,,,,,,,,,,,,,,,,,,,
11/14/2019,89.401,311.682,,138.421,,,,,,,,,,,,,,,,,,,,,,,,,
11/15/2019,83.755,284.312,,94.447,,,,,,,,,,,,,,,,,,,,,,,,,
11/16/2019,72.752,190.17,,68.368,,,,,,,,,,,,,,,,,,,,,,,,,
11/17/2019,46.789,135.442,,48.658,,,,,,,,,,,,,,,,,,,,,,,,,
11/18/2019,71.036,194.524,,69.342,,,,,,,,,,,,,,,,,,,,,,,,,
11/19/2019,107.536,295.458,,112.388,,,,,,,,,,,,,,,,,,,,,,,,,
11/20/2019,118.774,347.899,,130.023,,,,,,,,,,,,,,,,,,,,,,,,,
11/21/2019,177.352,362.646,,173.781,,,,,,,,,,,,,,,,,,,,,,,,,
11/22/2019,116.566,287.654,,105.935,,,,,,,,,,,,,,,,,,,,,,,,,
11/23/2019,68.827,150.45,,51.517,,,,,,,,,,,,,,,,,,,,,,,,,
11/24/2019,75.358,193.252,,51.907,,,,,,,,,,,,,,,,,,,,,,,,,
11/25/2019,95.781,236.62,,75.257,,,,,,,,,,,,,,,,,,,,,,,,,
11/26/2019,123.91,195.194,,110.027,,,,,,,,,,,,,,,,,,,,,,,,,
11/27/2019,61.524,102.927,,50.633,,,,,,,,,,,,,,,,,,,,,,,,,
11/28/2019,85.943,91.353,,54.352,,,,,,,,,,,,,,,,,,,,,,,,,
11/29/2019,74.378,182.581,,54.101,,,,,,,,,,,,,,,,,,,,,,,,,
11/30/2019,87.78,176.515,,65.239,,,,,,,,,,,,,,,,,,,,,,,,,
10/1/2019,34.775,73.714,,,,,,,,,,,,,,,,,,,,,,,,,,,
10/2/2019,32.396,75.1,,,,,,,,,,,,,,,,,,,,,,,,,,,
10/3/2019,27.916,87.005,,,,,,,,,,,,,,,,,,,,,,,,,,,
10/4/2019,45.372,85.441,,,,,,,,,,,,,,,,,,,,,,,,,,,
10/5/2019,60.996,82.924,,,,,,,,,,,,,,,,,,,,,,,,,,,
10/6/2019,44.537,107.997,,,,,,,,,,,,,,,,,,,,,,,,,,,
10/7/2019,30.306,101.132,,,,,,,,,,,,,,,,,,,,,,,,,,,
10/8/2019,35.687,115.061,,,,,,,,,,,,,,,,,,,,,,,,,,,
10/9/2019,48.635,118.045,,,,,,,,,,,,,,,,,,,,,,,,,,,
10/10/2019,43.886,107.957,,,,,,,,,,,,,,,,,,,,,,,,,,,
10/11/2019,35.319,176.284,,,,,,,,,,,,,,,,,,,,,,,,,,,
10/12/2019,50.936,174.386,,,,,,,,,,,,,,,,,,,,,,,,,,,
10/13/2019,40.509,192.335,,,,,,,,,,,,,,,,,,,,,,,,,,,
10/14/2019,35.208,235.54,,,,,,,,,,,,,,,,,,,,,,,,,,,
10/15/2019,,193.272,,,,,,,,,,,,,,,,,,,,,,,,,,,
10/16/2019,40.021,223.837,,,,,,,,,,,,,,,,,,,,,,,,,,,
10/17/2019,51.024,223.012,,,,,,,,,,,,,,,,,,,,,,,,,,,
10/18/2019,20.519,38.014,,,,,,,,,,,,,,,,,,,,,,,,,,,
10/19/2019,25.612,89.836,,,,,,,,,,,,,,,,,,,,,,,,,,,
10/20/2019,32.254,199.785,,,,,,,,,,,,,,,,,,,,,,,,,,,
10/21/2019,39.04,143.805,,,,,,,,,,,,,,,,,,,,,,,,,,,
10/22/2019,48.091,213.613,,,,,,,,,,,,,,,,,,,,,,,,,,,
10/23/2019,41.97,170.767,,,,,,,,,,,,,,,,,,,,,,,,,,,
10/24/2019,33.06,156.227,,,,,,,,,,,,,,,,,,,,,,,,,,,
10/25/2019,33.01,156.012,,,,,,,,,,,,,,,,,,,,,,,,,,,
10/26/2019,98.015,162.015,,,,,,,,,,,,,,,,,,,,,,,,,,,
10/27/2019,71.494,226.517,,,,,,,,,,,,,,,,,,,,,,,,,,,
10/28/2019,94.012,180.215,,,,,,,,,,,,,,,,,,,,,,,,,,,
10/29/2019,93.121,180.785,,,,,,,,,,,,,,,,,,,,,,,,,,,
10/30/2019,115.451,237.469,,,,,,,,,,,,,,,,,,,,,,,,,,,
10/31/2019,124.48,275.16,,82.436,,,,,,,,,,,,,,,,,,,,,,,,,
9/1/2019,37.824,96.947,,,,,,,,,,,,,,,,,,,,,,,,,,,
9/2/2019,26.851,64.312,,,,,,,,,,,,,,,,,,,,,,,,,,,
9/3/2019,36.627,104.961,,,,,,,,,,,,,,,,,,,,,,,,,,,
9/4/2019,35.56,108.251,,,,,,,,,,,,,,,,,,,,,,,,,,,
9/5/2019,14.69,44.706,,,,,,,,,,,,,,,,,,,,,,,,,,,
9/6/2019,25.284,79.672,,,,,,,,,,,,,,,,,,,,,,,,,,,
9/7/2019,22.889,81.349,,,,,,,,,,,,,,,,,,,,,,,,,,,
9/8/2019,22.933,69.371,,,,,,,,,,,,,,,,,,,,,,,,,,,
9/9/2019,29.64,95.358,,,,,,,,,,,,,,,,,,,,,,,,,,,
9/10/2019,23.595,76.628,,,,,,,,,,,,,,,,,,,,,,,,,,,
9/11/2019,32.394,87.255,,,,,,,,,,,,,,,,,,,,,,,,,,,
9/12/2019,,80.854,,,,,,,,,,,,,,,,,,,,,,,,,,,
9/13/2019,,69.5,,,,,,,,,,,,,,,,,,,,,,,,,,,
9/14/2019,,75.161,,,,,,,,,,,,,,,,,,,,,,,,,,,
9/15/2019,,98.408,,,,,,,,,,,,,,,,,,,,,,,,,,,
9/16/2019,,78.208,,,,,,,,,,,,,,,,,,,,,,,,,,,
9/17/2019,,77.029,,,,,,,,,,,,,,,,,,,,,,,,,,,
9/18/2019,,75.878,,,,,,,,,,,,,,,,,,,,,,,,,,,
9/19/2019,,73.292,,,,,,,,,,,,,,,,,,,,,,,,,,,
9/20/2019,35.042,69.213,,,,,,,,,,,,,,,,,,,,,,,,,,,
9/21/2019,,76.952,,,,,,,,,,,,,,,,,,,,,,,,,,,
9/22/2019,,100.838,,,,,,,,,,,,,,,,,,,,,,,,,,,
9/23/2019,,62.935,,,,,,,,,,,,,,,,,,,,,,,,,,,
9/24/2019,,61.885,,,,,,,,,,,,,,,,,,,,,,,,,,,
9/25/2019,24.9,65,,,,,,,,,,,,,,,,,,,,,,,,,,,
9/26/2019,27.7,112.318,,,,,,,,,,,,,,,,,,,,,,,,,,,
9/27/2019,30.699,98.713,,,,,,,,,,,,,,,,,,,,,,,,,,,
9/28/2019,17.723,68.805,,,,,,,,,,,,,,,,,,,,,,,,,,,
9/29/2019,20.553,37.284,,,,,,,,,,,,,,,,,,,,,,,,,,,
9/30/2019,34.189,76.295,,,,,,,,,,,,,,,,,,,,,,,,,,,
4/3/2020,20.179,23.981,,,,,,,,,,,,,,,,,,,,,,,,,,,
4/4/2020,23.34,29,,,,,,,,,,,,,,,,,,,,,,,,,,,
4/5/2020,29.9,17,,,,,,,,,,,,,,,,,,,,,,,,,,,
4/6/2020,7.09,12,,,,,,,,,,,,,,,,,,,,,,,,,,,
4/7/2020,7.64,,,,,,,,,,,,,,,,,,,,,,,,,,,,
4/1/2020,17.193,38,,,,,,,,,,,,,,,,,,,,,,,,,,,
4/14/2020,,,,,,,,,,,,,,,,,,,,,,,,,,,,,
4/15/2020,3.434,,,,,,,,,,,,,,,,,,,,,,,,,,,,
4/16/2020,8.064,,,,,,,,,,,,,,,,,,,,,,,,,,,,
4/17/2020,15.906,,,,,,,,,,,,,,,,,,,,,,,,,,,,
4/18/2020,9.375,,,,,,,,,,,,,,,,,,,,,,,,,,,,
4/19/2020,10.264,,,,,,,,,,,,,,,,,,,,,,,,,,,,
4/2/2020,15.086,11,,,,,,,,,,,,,,,,,,,,,,,,,,,
4/20/2020,3.725,,,,,,,,,,,,,,,,,,,,,,,,,,,,
4/21/2020,9.628,17,,,,,,,,,,,,,,,,,,,,,,,,,,,
4/22/2020,3.585,11,,,,,,,,,,,,,,,,,,,,,,,,,,,
4/23/2020,2.228,,,,,,,,,,,,,,,,,,,,,,,,,,,,
4/24/2020,3.31,,,,,,,,,,,,,,,,,,,,,,,,,,,,
4/25/2020,2.363,20,,,,,,,,,,,,,,,,,,,,,,,,,,,
8/1/2020,22.309,,,,,,,,,,,,,,,,,,,,,,,,,,,,
8/2/2020,16.44,,,,,,,,,,,,,,,,,,,,,,,,,,,,
8/3/2020,,,,,,,,,,,,,,,,,,,,,,,,,,,,,
8/4/2020,53.816,,,,,,,,,,,,,,,,,,,,,,,,,,,,
8/5/2020,16.826,,,,,,,,,,,,,,,,,,,,,,,,,,,,
8/6/2020,9.761,,,,,,,,,,,,,,,,,,,,,,,,,,,,
8/7/2020,7.555,,,,,,,,,,,,,,,,,,,,,,,,,,,,
8/8/2020,16.788,,,,,,,,,,,,,,,,,,,,,,,,,84.565,,,
8/9/2020,19.625,,,,,,,,,,,,,,,,,,,,,,,,,81.766,,,
8/10/2020,13.758,,,,,,,,,,,,,,,,,,,,,,,,,93.07,,,
8/11/2020,28.193,,,,,,,,,,,,,,,,,,,,,,,,,,,,
8/12/2020,18.428,,,,,,,,,,,,,,,,,,,,,,,,,,,,
8/13/2020,22.087,,,,,,,,,,,,,,,,,,,,,,,,,,,,
8/14/2020,10.104,,,,,,,,,,,,,,,,,,,,,,,,,,,,
8/15/2020,11.615,,,,,,,,,,,,,,,,,,,,,,,,,,,,
8/16/2020,11.615,,,,,,,,,,,,,,,,,,,,,,,,,,,,
8/17/2020,16.894,,,,,,,,,,,,,,,,,,,,,,,,,,,,
8/18/2020,18.542,,,,,,,,,,,,,,,,,,,,,,,,,,,,
8/19/2020,15.676,,,,,,,,,,,,,,,,,,,,,,,,,,,,
8/20/2020,12.388,,,,,,,,,,,,,,,,,,,,,,,,,,,,
8/24/2020,12.178,,,,,,,,,,,,,,,,,,,,,,,,,,,,
8/25/2020,12.548,,,,,,,,,,,,,,,,,,,,,,,,,,,,
12/1/2020,58.862,,,,,,,,,,,,,,,,,,,,,,,,,,,,
12/2/2020,50.507,,,,,,,,,,,,,,,,,,,,,,,,,,,,
12/3/2020,46.326,,,,,,,,,,,,,,,,,,,,,,,,,,,,
12/4/2020,51.504,,,,,,,,267.11,298,,,,,,,,,,,,,,,,,,,
12/5/2020,54.537,,,,,,,,287.47,289.5,,,,,,,,,,,,,,,,,,,
12/6/2020,48.189,,,,,,,,272.25,,221.57,,,,,,,,,,,,,,,,,,
12/7/2020,57.752,,,,,,,,,304.375,334,,,,,,,,,,,,,,,,,,
12/8/2020,40.725,,,,,,,,364.71,229.625,,,,,,,,,,,,,,,,,,,
12/9/2020,42.897,,,,,,,,122.75,,,96.5,,,,,,,,,,,,,,,,,
12/10/2020,25.554,,,,,,,,172.25,,,173.71,,,,,,,,,,,,,,,,,
12/11/2020,35.775,,,,,,,,273.875,,,164.363,,,,,,,,,,,,,,,,,
12/12/2020,29.033,,,,,,,,,,,59.1,,,,,,,,,,,,,,,,,
12/13/2020,13.061,,,,,,,,,,,46.28,,,,,,,,,,,,,,152.3,,,
12/14/2020,14.841,,,,,,,,,,,,,,,,,,,,,,,,,151.409,,,
12/15/2020,16.514,,,,,,,,,,,,,,,,,,,,,,,,,127.428,,,
12/16/2020,20.144,,,,,,,,,,,,,,,,,,,,,,,,,115.55,,,
12/17/2020,22.169,,,,,,,,,,,,,,,,,,,,,,,,,145.105,,,
12/18/2020,40.48,,,,,,,,,,,,,,,,,,,,,,,,,303,,,
12/19/2020,40.523,,,,,,,,,,,,,,,,,,,,,,,,,245.062,,,
12/20/2020,56.657,,,,,,,,,,,,,,,,,,,,,,,,,233.579,,,
12/21/2020,51.197,,,,,,,,,,,,,,,,,,,,,,,,,330.739,,,
12/22/2020,51.563,,,,,,,,,,,,,,,,,,,,,,,,,361.869,,,
12/23/2020,69.548,,,,,,,,,,,,,,,,,,,,,,,,,291.143,,,
12/24/2020,41.884,,,,,,,,,,,,,,,,,,,,,,,,,,,,
12/25/2020,64.884,,,,,,,,,,,,,,,,,,,,,,,,,,,,
12/26/2020,48.979,,,,,,,,,,,,,,,,,,,,,,,,,,,,
12/27/2020,66.966,,,,,,,,,,,,,,,,,,,,,,,,,,,,
12/28/2020,24.879,,,,,,,,,,,,,,,,,,,,,,,,,,,,
12/29/2020,20.981,,,,,,,,,,,,,,,,,,,,,,,,,,,,
12/30/2020,31.129,,,,,,,,,,,,,,,,,,,,,,,,,,,,
12/31/2020,46.972,,,,,,,,,,,,,,,,,,,,,,,,,,,,
2/1/2020,77.961,102,,,,,,,,,,,,,,,,,,,,,,,,,,,
2/2/2020,89.976,100.21,,,,,,,,,,,,,,,,,,,,,,,,,,,
2/3/2020,83.089,144.01,,,,,,,,,,,,,,,,,,,,,,,,,,,
2/4/2020,94.609,55,,,,,,,,,,,,,,,,,,,,,,,,,,,
2/7/2020,108.547,240.92,,,,,,,,,,,,,,,,,,,,,,,,,,,
2/8/2020,91.302,155.031,,,,,,,,,,,,,,,,,,,,,,,,,,,
2/9/2020,101.066,222.011,,,,,,,,,,,,,,,,,,,,,,,,,,,
2/11/2020,51.833,56.02,,,,,,,,,,,,,,,,,,,,,,,,,,,
2/12/2020,52.098,151.019,,,,,,,,,,,,,,,,,,,,,,,,,,,
2/13/2020,50.12,60.487,,,,,,,,,,,,,,,,,,,,,,,,,,,
2/14/2020,46.014,89.12,,,,,,,,,,,,,,,,,,,,,,,,,,,
2/15/2020,38.805,56.41,,,,,,,,,,,,,,,,,,,,,,,,,,,
2/16/2020,36.119,47.224,,,,,,,,,,,,,,,,,,,,,,,,,,,
2/17/2020,39.529,221.01,,,,,,,,,,,,,,,,,,,,,,,,,,,
2/18/2020,70.79,80,,,,,,,,,,,,,,,,,,,,,,,,,,,
2/19/2020,60.6,218.6,,,,,,,,,,,,,,,,,,,,,,,,,,,
2/20/2020,48.736,79.001,,,,,,,,,,,,,,,,,,,,,,,,,,,
2/21/2020,24.699,46.01,,,,,,,,,,,,,,,,,,,,,,,,,,,
2/22/2020,59.145,45.001,,,,,,,,,,,,,,,,,,,,,,,,,,,
2/23/2020,60.749,46.114,,,,,,,,,,,,,,,,,,,,,,,,,,,
2/24/2020,71.637,205.001,,,,,,,,,,,,,,,,,,,,,,,,,,,
2/25/2020,67.866,169.01,,,,,,,,,,,,,,,,,,,,,,,,,,,
2/26/2020,73.526,169.01,,,,,,,,,,,,,,,,,,,,,,,,,,,
2/27/2020,67.065,137,,,,,,,,,,,,,,,,,,,,,,,,,,,
2/28/2020,67.957,138.002,,,,,,,,,,,,,,,,,,,,,,,,,,,
2/29/2020,25.466,109.241,,,,,,,,,,,,,,,,,,,,,,,,,,,
2/5/2020,60.847,145.01,,,,,,,,,,,,,,,,,,,,,,,,,,,
2/6/2020,65.664,244.01,,,,,,,,,,,,,,,,,,,,,,,,,,,
1/3/2020,72.635,269.783,,,,,,,,,,,,,,,,,,,,,,,,,,,
1/4/2020,56.156,260.192,,,,,,,,,,,,,,,,,,,,,,,,,,,
1/5/2020,72.451,153.16,,,,,,,,,,,,,,,,,,,,,,,,,,,
1/6/2020,47.011,153.54,,,,,,,,,,,,,,,,,,,,,,,,,,,
1/7/2020,32.145,104.415,,,,,,,,,,,,,,,,,,,,,,,,,,,
1/8/2020,49.056,152.313,,,,,,,,,,,,,,,,,,,,,,,,,,,
1/9/2020,103.45,171.892,,,,,,,,,,,,,,,,,,,,,,,,,,,
1/1/2020,,192.721,,,,,,,,,,,,,,,,,,,,,,,,,,,
1/10/2020,30.154,72.754,,,,,,,,,,,,,,,,,,,,,,,,,,,
1/11/2020,29.54,72.541,,,,,,,,,,,,,,,,,,,,,,,,,,,
1/12/2020,33.452,55.987,,,,,,,,,,,,,,,,,,,,,,,,,,,
1/13/2020,55.987,141.954,,,,,,,,,,,,,,,,,,,,,,,,,,,
1/18/2020,111.566,245.478,,,,,,,,,,,,,,,,,,,,,,,,,,,
1/19/2020,109.75,379.637,,,,,,,,,,,,,,,,,,,,,,,,,,,
1/2/2020,,305.211,,,,,,,,,,,,,,,,,,,,,,,,,,,
1/20/2020,73.257,94,,,,,,,,,,,,,,,,,,,,,,,,,,,
1/21/2020,50.756,94.242,,,,,,,,,,,,,,,,,,,,,,,,,,,
1/22/2020,45.957,131.12,,,,,,,,,,,,,,,,,,,,,,,,,,,
1/23/2020,52.123,173.099,,,,,,,,,,,,,,,,,,,,,,,,,,,
1/24/2020,64.978,45.174,,,,,,,,,,,,,,,,,,,,,,,,,,,
1/25/2020,84.078,45.257,,,,,,,,,,,,,,,,,,,,,,,,,,,
1/27/2020,108.124,98.001,,,,,,,,,,,,,,,,,,,,,,,,,,,
1/28/2020,57.37,97.55,,,,,,,,,,,,,,,,,,,,,,,,,,,
1/29/2020,50.923,160.21,,,,,,,,,,,,,,,,,,,,,,,,,,,
1/30/2020,64.788,167.01,,,,,,,,,,,,,,,,,,,,,,,,,,,
1/31/2020,65.288,89,,,,,,,,,,,,,,,,,,,,,,,,,,,
7/15/2020,22.794,,,,,,,,,,,,,,,,,,,,,,,,,,,,
7/16/2020,24.929,,,,,,,,,,,,,,,,,,,,,,,,,,,,
7/20/2020,,,,,,,,,,,,,,,,,,,,,,,,,,,,,
7/21/2020,,,,,,,,,,,,,,,,,,,,,,,,,,31.65,,,
7/22/2020,,,,,,,,,,,,,,,,,,,,,,,,,,112.3456,,,
7/28/2020,14.935,,,,,,,,,,,,,,,,,,,,,,,,,,,,
7/29/2020,16.38,,,,,,,,,,,,,,,,,,,,,,,,,,,,
7/30/2020,16.504,,,,,,,,,,,,,,,,,,,,,,,,,,,,
7/31/2020,24.041,,,,,,,,,,,,,,,,,,,,,,,,,,,,
3/1/2020,37.24,108.51,,,,,,,,,,,,,,,,,,,,,,,,,,,
3/10/2020,50.068,35.514,,,,,,,,,,,,,,,,,,,,,,,,,,,
3/11/2020,35.194,15.001,,,,,,,,,,,,,,,,,,,,,,,,,,,
3/12/2020,15.672,17.014,,,,,,,,,,,,,,,,,,,,,,,,,,,
3/13/2020,17.837,17.837,,,,,,,,,,,,,,,,,,,,,,,,,,,
3/14/2020,35.931,29.099,,,,,,,,,,,,,,,,,,,,,,,,,,,
3/15/2020,56.34,56.34,,,,,,,,,,,,,,,,,,,,,,,,,,,
3/16/2020,147.001,64.989,,,,,,,,,,,,,,,,,,,,,,,,,,,
3/17/2020,52.076,84.451,,,,,,,,,,,,,,,,,,,,,,,,,,,
3/18/2020,54.822,79.147,,,,,,,,,,,,,,,,,,,,,,,,,,,
3/19/2020,60.216,87.295,,,,,,,,,,,,,,,,,,,,,,,,,,,
3/2/2020,56.933,109,,,,,,,,,,,,,,,,,,,,,,,,,,,
3/20/2020,57.525,81.54,,,,,,,,,,,,,,,,,,,,,,,,,,,
3/21/2020,33.828,35.098,,,,,,,,,,,,,,,,,,,,,,,,,,,
3/22/2020,50.034,40.179,,,,,,,,,,,,,,,,,,,,,,,,,,,
3/25/2020,18.883,18.883,,,,,,,,,,,,,,,,,,,,,,,,,,,
3/26/2020,20.16,16.001,,,,,,,,,,,,,,,,,,,,,,,,,,,
3/27/2020,14.744,12,,,,,,,,,,,,,,,,,,,,,,,,,,,
3/28/2020,18.354,23.001,,,,,,,,,,,,,,,,,,,,,,,,,,,
3/29/2020,25.463,29.547,,,,,,,,,,,,,,,,,,,,,,,,,,,
3/3/2020,43.861,122.01,,,,,,,,,,,,,,,,,,,,,,,,,,,
3/30/2020,30.134,22,,,,,,,,,,,,,,,,,,,,,,,,,,,
3/31/2020,24.285,7,,,,,,,,,,,,,,,,,,,,,,,,,,,
3/4/2020,47.865,56.01,,,,,,,,,,,,,,,,,,,,,,,,,,,
3/5/2020,22.854,29.001,,,,,,,,,,,,,,,,,,,,,,,,,,,
3/6/2020,16.248,29.015,,,,,,,,,,,,,,,,,,,,,,,,,,,
3/7/2020,18.434,37.224,,,,,,,,,,,,,,,,,,,,,,,,,,,
3/8/2020,29.325,39.628,,,,,,,,,,,,,,,,,,,,,,,,,,,
3/9/2020,26.788,39.621,,,,,,,,,,,,,,,,,,,,,,,,,,,
11/1/2020,46.684,,,,,,,,,,,,162.1,,,,,,,,,,,,,,,,
11/2/2020,52.102,,,,,,,,,,,,192.1,,,,,,,,,,,,,,,,
11/3/2020,52.052,,,,,,,,,,,,,,,,,,,,,,,,,,,,
11/4/2020,53.669,,,,,,,,,,,,,,,,,,,,,,,,,,,,
11/6/2020,,,,,,,,,,,,,,,,,,,,,,,,,,,,,
11/7/2020,69.755,,,,,,,,,,,,,,,,,,,,,,,,,,,,
11/8/2020,,,,,,,,,,,,,,,,,,,,,,,,,,,,,
11/9/2020,69.133,,,,,,,,,,,,,,,,,,,,,,,,,,,,
11/10/2020,78.465,,,,,,,,,,,,,,,,,,,,,,,,,,,,
11/11/2020,95.905,,,,,,,,,,,,,,,,,,,,,,,,,,,,
11/12/2020,38.599,,,,,154.3,,,,,,,,,,,,,,,,,,,,,,,
11/13/2020,58.141,,,,,119.756,,,,,,,,,,,,,,,,,,,,,,,
11/14/2020,63.734,,,,,,,,,,,,,211.4,386.6,,,,,,,,,,,,,,
11/15/2020,78.131,,,,,,,,,,,384.4,,,,399.625,,,,,,,,,,,,,
11/16/2020,59.023,,,,,,,,,,,90,,,,,,,,,,,,,,,,,
11/17/2020,20.949,,,,,68.25,,,,,,76.461,,,,,,,,,,,,,,,,,
11/18/2020,23.349,,,,,78.143,,,,,,,,,,,,,,,,,,,,,,,
11/19/2020,34.621,,,,,,,,,,,34.621,,,,,,,,,,,,,,,,,
11/20/2020,43.622,,,,,,,,,,,,,,,,,,,,,,,,,,,,
11/21/2020,43.893,,,,,,,,,,,,,,,,137.375,165,,,,,,,,,,,
11/22/2020,29.758,,,,,,,,,,,,,,,,113.75,,161.1,,,,,,,,,,
11/23/2020,39.372,,,,,,,,,,,,,,,,,,179,311.33,,,,,,,,,
11/24/2020,59.378,,,,,195.5,,,,,,,,,,,,,,,,,,,,,,,
11/25/2020,,,,,,98.444,,,,,,,,,,,,,,,238.333,,,,,,,,
11/26/2020,47.271,,,,,,,,,,,,,,,,,,,,158.1,306,,,,,,,
11/27/2020,32.406,,,,,108.2,,,,,,,,,,,,,,,,166.875,,,,,,,
11/28/2020,25.159,,,,,77.076,,,,,,182,,,,,,,,,,,,,,,,,
11/29/2020,35.429,,,,,,,,,132.8,184.22,,,,,,,,,,,,,,,,,,
11/30/2020,47.313,,,,,,,,329,,194.375,,,,,,,,,,,,,,,,,,
10/6/2020,,,,,,,,,,,,,,,,,,,,,,,,,,,,,
10/7/2020,25.336,,,,,,,,,,,,,,,,,,,,,,,,,,,,
10/8/2020,19.793,,,,,,,,,,,,,,,,,,,,,,,,,,,,
10/9/2020,25.863,,,,,,,,,,,,,,,,,,,,,,,,,,,,
10/9/2020,,,,,,,,,,,,,,,,,,,,,,,,,,,,,
10/10/2020,30.106,,,,,,,,,,,,,,,,,,,,,,,,,,,,
10/11/2020,19.589,,,,,,,,,,,,,,,,,,,,,,,,,,,,
10/12/2020,28.477,,,,,,,,,,,,,,,,,,,,,,,,,,,,
10/13/2020,43.195,,,,,,,,,,,,,,,,,,,,,,,,,,,,
10/14/2020,33.457,,,,,,,,,,,,,,,,,,,,,,,,,,,,
10/15/2020,37.037,,,,,,,,,,,,,,,,,,,,,,,,,,,,
10/16/2020,34.381,,,,,,,,,,,,,,,,,,,,,,,,,,,,
10/17/2020,44.554,,,,,,,,,,,,,,,,,,,,,,,,,,,,
10/18/2020,32.471,,,,,,,,,,,,,,,,,,,,,,,,,,,,
10/19/2020,32.491,,,,,,,,,,,,,,,,,,,,,,,,,,,,
10/20/2020,42.194,,,,,,,,,,,,,,,,,,,,,,,,,,,,
10/21/2020,57.867,,,,,,,,,,,,,,,,,,,,,,,,,,,,
10/22/2020,,,,,,,,,,,,,,,,,,,,,,,,,,,,,
10/23/2020,51.26,,,,,,,,,,,,,,,,,,,,,,,,,,,,
10/24/2020,56.299,,,,,,,,,,,,,,,,,,,,,,,,,,,,
10/25/2020,53.193,,,,,,,,,,,,,,,,,,,,,,,,,,,,
10/26/2020,28.044,,,,,,,,,,,,,,,,,,,,,,,,,,,,
10/27/2020,35.927,,,,,,,,,,,,,,,,,,,,,,,,,,,,
10/28/2020,35.927,,,,,,,,,,,,,,,,,,,,,,,,,,,,
10/29/2020,56.669,,,,,,,,,,,,,,,,,,,,,,,,,,,,
10/30/2020,64.847,,,,,,,,,,,,,,,,,,,,,,,,,,,,
10/31/2020,46.068,,,,,,,,,,,,,,,,,,,,,,,,,,,,
9/16/2020,2.611,,,,,,,,,,,,,,,,,,,,,,,,,,,,
8/4/2021,,,,26,,,,,,,,,,,,,,,,,,,,,,,,,
8/6/2021,,,,,,,,,,,,,,,,,,,,,,,,,,,,,
8/7/2021,,,,,,,,,,,,,,,,,,,,,,,,,,,,,
8/8/2021,,,,,,,,,,,,,,,,,,,,,,,,,,,,,
8/9/2021,,,,,,,,,,,,,,,,,,,,,,,,,,,,,
8/10/2021,,,,26,,,,,,,,,,,,,,,,,,,,,,,,,
8/11/2021,,,,58.8,,,,,,,,,,,,,,,,,,,,,,,,,
8/12/2021,,,,61,,,,,,,,,,,,,,,,,,,,,,,,,
8/13/2021,,,,61.4,,,,,,,,,,,,,,,,,,,,,,,,,
8/14/2021,,,,44.5,,,,,,,,,,,,,,,,,,,,,,,,,
8/15/2021,,,,,,,,,,,,,,,,,,,,,,,,,,,,,
8/16/2021,,,,,,,,,,,,,,,,,,,,,,,,,,,,,
8/17/2021,,,,72,,,,,,,,,,,,,,,,,,,,,,,,,
8/18/2021,,,,65,,,,,,,,,,,,,,,,,,,,,,,,,
8/20/2021,,,,,,,,,,,,,,,,,,,,,,,,,,,,,
8/21/2021,,,,,,,,,,,,,,,,,,,,,,,,,,,,,
8/22/2021,,,,,,,,,,,,,,,,,,,,,,,,,,,,,
8/23/2021,,,,,,,,,,,,,,,,,,,,,,,,,,,,,
12/1/2021,,,,137,,,134,,,,,,,,,,,,,,,,,,,,,,
12/2/2021,,,,117,,,122,,,,,,,,,,,,,,,,,,,,,,
12/3/2021,,,,113,,,121,,,,,,,,,,,,,,,,,,,,,,
12/4/2021,,,,131,,,130,,,,,,,,,,,,,,,,,,,,,,
12/5/2021,,,,121,,,127,,,,,,,,,,,,,,,,,,,,,,
12/6/2021,,,,110,,,123,,,,,,,,,,,,,,,,,,,,,,
12/7/2021,,,,112,,,,,,,,,,,,,,,,,,,,,,,,,
12/8/2021,,,,114,,,,,,,,,,,,,,,,,,,,,,,,,
12/9/2021,,,,110,,,,,,,,,,,,,,,,,,,,,,,,,
12/10/2021,,,,114,,,,,,,,,,,,,,,,,,,,,,,,,
12/11/2021,,,,119,,,,,,,,,,,,,,,,,,,,,,,,,
12/12/2021,,,,117,,,,,,,,,,,,,,,,,,,,,,,,,
12/13/2021,,,,111,,,,,,,,,,,,,,,,138.66,,,,,,,,,
12/14/2021,,,,118,,,,,,,,,,,,,,,,190,,,,,,,,,
12/15/2021,,,,141,,,,171,,,,,,,,,,,,,,,,,,,,,
12/16/2021,,,,165,,,,,,,,,,,,,,180,,,,,,,,,,,
12/17/2021,,,,182,,,,,,,,,,,,,,273,,,,,,,,,,,
12/18/2021,,,,243,,,,,,,,,,,,,,,,,,,,,,,,,
12/19/2021,,,,230,,,,,,,,,,,,,,,,,,,,,,,,,
12/20/2021,,,,230,,,,,,,,,,,,,,,,,,,,,,,,,
12/21/2021,,,,257,,,,,,,,,,,,,,,,,,,,,,,,,
12/22/2021,,,,265,,,,,,,,,,,,,,,,,,,,,,,,,
12/23/2021,,,,251,,,,,,,,,,,,,,,,,,,,,,,,,
12/24/2021,,,,247,,,,,,,,,,,,,,,,,,,,,,,,,
12/25/2021,,,,266,,,,,,,,,,,,,,,,,,,,,,,,,
12/26/2021,,,,269,,,,,,,,,,,,,,,,,,,,,,,,,
12/27/2021,,,,310,,,,,,,,,,,,,,,,,,,,,,,,,
12/28/2021,,,,230,,,,,,,,,,,,,,,,,,,,,,,,,
12/29/2021,,,,135,,,,,,,,,,,,,,,,,,,,,,,,,
12/30/2021,,,,150,,,,,,,,,,,,,,,,,,,,,,,,,
12/31/2021,,,,155,,,,,,,,,,,,,,,,,,,,,,,,,
2/24/2021,,,,,,,,,,,,,,,,,,,,,,,,,,,,,
2/25/2021,,,,,,,,,,,,,,,,,,,,,,,,,,,,,
2/2/2021,,,,,,,,,,,,,,,,,,,,,,,,,,,,,
2/3/2021,,,,,,,,,,,,,,,,,,,,,,,,,,,,,
1/1/2021,57.108,,,,,,,,,,,,,,,,,,,,,,,,,,,,
1/2/2021,56.499,,,,,,,,,,,,,,,,,,,,,,,,,,,,
1/3/2021,19.168,,,,,,,,,,,,,,,,,,,,,,,,,,,,
1/4/2021,20.67,,,,,,,,,,,,,,,,,,,,,,,,,,,,
1/5/2021,13.92,,,,,,,,,,,,,,,,,,,,,,,,,,,,
1/6/2021,8.26,,,,,,,,,,,,,,,,,,,,,,,,,,,,
1/7/2021,14.352,,,,,,,,,,,,,,,,,,,,,,,,,,,,
1/8/2021,20.013,,,,,,,,,,,,,,,,,,,,,,,,,,,,
1/9/2021,21.929,,,,,,,,,,,,,,,,,,,,,,,,,,,,
1/11/2021,30.376,,,,,,,,,,,,,,,,,,,,,,,,,,,,
1/13/2021,36.212,,,,,,,,,,,,,,,,,,,,,,,,,,,,
1/14/2021,48.881,,,,,,,,,,,,,,,,,,,,,,,,,,,,
1/15/2021,35.377,,,,,,,,,,,,,,,,,,,,,,,,,,,,
1/16/2021,55.964,,,,,,,,,,,,,,,,,,,,,,,,,,,,
1/17/2021,38.786,,,,,,,,,,,,,,,,,,,,,,,,,,,,
1/18/2021,27.3,,,,,,,,,,,,,,,,,,,,,,,,,,,,
1/19/2021,38.279,,,,,,,,,,,,,,,,,,,,,,,,,,,,
1/20/2021,18.996,,,,,,,,,,,,,,,,,,,,,,,,,,,,
1/30/2021,24.572,,,,,,,,,,,,,,,,,,,,,,,,,,,,
7/14/2021,,,,,,,,,,,,,,,,,,,,,,,,,,,,,
11/1/2021,,,,101.11,,,,,,,,,,,,,,,,,,,,,,,,,
11/2/2021,,,,241,,,,,,,,,,,,,,,,,,,,,,,,,
11/3/2021,,,,40,,,,,,,,,,,,,,,,,,,,,,,,,
11/4/2021,,,,76,,,,,,,,,,,,,,,,,,,,,,,,,
11/5/2021,,,,153,,,,,,,,,,,,,,,,,,,,,244,,,,
11/6/2021,,,,,,,,,,,,,,,,,,,,,,,,,299,,,,
11/7/2021,,,,111,,,,,,,,,,,,,,,,,,,,,,,,,
11/8/2021,,,,105.66,,,,,,,,,,,,,,,,,,,,,,,,,
11/9/2021,,,,,,,,,,,,,,,,,,,,,,,,,,,,,
11/10/2021,,,,,,,,,,,,,,,,,,,,,,,124.75,,,,,,
11/11/2021,,,,,,,,,,,,,,,,,,,,,,,,,,,144,,
11/12/2021,,,,,,,,,,,,,,,,,,,,,,,,,,,,125,
11/13/2021,,,,,,,,,,,,,,,,,,,,,,,,,,,,122,
11/14/2021,,,,108.45,,,,,,133,,,,,,,,,,,,,,,,,,,
11/15/2021,,,,122,,,,,,65,,,,,,,,,,,,,,,,,,,
11/16/2021,,,,162,,,,,,154,,,,,,,,,,,,,,,,,,,
11/17/2021,,,,,,,,,,137,,,,,,,,,,,,,,,,,,,129.57
11/18/2021,,,,,,,,,,139.9,,,,,,,,,,,,,,,,,,,138
11/19/2021,,,,,,,,,,138,,,,,,,,,,,,,,,,,,,
11/20/2021,,,,,,,,,,170,,,,,,,,,,,,,,,185,,,,
11/21/2021,,,,137,,,,,,,,,,,,,,,,,,,,,175,,,,
11/22/2021,,,,130,,,,,,,,,,,,,,,,,,,,,140,,,,
11/23/2021,,,,127,,,,,,,,,,,,,,,,,,,,,,,,,
11/24/2021,,,,,,,107,,,,,,,,,,,,,,,,,,,,,,
11/25/2021,,,,115,,,,,,,,,,,,,,,,,,,,,,,,131,
11/26/2021,,,,135,,,,,,,,,,,,,,,,,,,,,,,,168,
11/27/2021,,,,128,,,,,,,,,,,,,,,,,,,,,,,,,
11/28/2021,,,,132,,,,,,,,,,,,,,,,,,,,,,,,,
11/29/2021,,,,130,,,,,,,,,,,,,,,,,,,,,,,,,
11/30/2021,,,,140,,,,161,,,,,,,,,,,,,,,,,,,,,
10/2/2021,,,,66.8,,,,,,,,,,,,,,,,,,,,,,,,,
10/3/2021,,,,,,,,,,,,,,,,,,,,,,,,,,,,,
10/4/2021,,,,19.5,,,,,,,,,,,,,,,,,,,,,,,,,
10/5/2021,,,,,,,,,,,,,,,,,,,,,,,,,,,,,
10/6/2021,,,,22.4,,,,,,,,,,,,,,,,,,,,,,,,,
10/7/2021,,,,65.83,,,,,,,,,,,,,,,,,,,,,,,,,
10/8/2021,,,,,,,,,,,,,,,,,,,,,,,,,,,,,
10/10/2021,,,,,,,,,,,,,,,,,,,,,,,,,,,,,
10/11/2021,,,,,,,,,,,,,,,,,,,,,,,,,,,,,
10/12/2021,,,,,,,,,,,,,,,,,,,,,,,,,,,,,
10/13/2021,,,,,,,,,,,,,,,,,,,,,,,,,,,,,
10/14/2021,,,,,,,,,,,,,,,,,,,,,,,,,,,,,
10/15/2021,,,,,,,,,,,,,,,,,,,,,,,,,,,,,
10/16/2021,,,,,,,,,,,,,,,,,,,,,,,,,,,,,
10/17/2021,,,,,,,,,,,,,,,,,,,,,,,,,,,,,
10/18/2021,,,,,,,,,,,,,,,,,,,,,,,,,,,,,
10/19/2021,,,,,,,,,,,,,,,,,,,,,,,,,,,,,
10/20/2021,,,,76.25,,,,,,,,,,,,,,,,,,,,,,,,,
10/21/2021,,,,104.72,,,,,,,,,,,,,,,,,,,,,,,,,
10/22/2021,,,,87,,,,,,,,,,,,,,,,,,,,,,,,,
10/22/2021,,,,,,,,,,,,,,,,,,,,,,,,,,,,,
10/23/2021,,,,48.8,,,,,,,,,,,,,,,,,,,,,,,,,
10/24/2021,,,,57.8,,,,,,,,,,,,,,,,,,,,,,,,,
10/25/2021,,,,,,,,,,,,,,,,,,,,,,,,,,,,,
10/26/2021,,,,,,,,,,,,,,,,,,,,,,,,,,,,,
10/28/2021,,,,106,,,,,,,,,,,,,,,,,,,,,,,,,
10/29/2021,,,,74,,,,,,,,,,,,,,,,,,,,,,,,,
10/30/2021,,,,112,,,,,,,,,,,,,,,,,,,,,,,,,
10/31/2021,,,,93.85,,,,,,,,,,,,,,,,,,,,,,,,,
9/27/2021,,,,,,,,,,,,,,,,,,,,,,,,,,,,,
9/28/2021,,,,74,,,,,,,,,,,,,,,,,,,,,,,,,
9/29/2021,,,,101.42,,,,,,,,,,,,,,,,,,,,,,,,,
9/30/2021,,,,19.5,,,,,,,,,,,,,,,,,,,,,,,,,
1/1/2022,,,,162,,,,,,,,,,,,,,,,,,,,,,,,,
1/2/2022,,,,190,,,,,,,,,,,,,,,,,,,,,,,,,
1/3/2022,,,,215,,,,,,,,,,,,,,,,,,,,,,,,,
1/4/2022,,,,162,,,,,,,,,,,,,,,,,,,,,,,,,
1/5/2022,,,,119,,,,,,,,,,,,,,,,,,,,,,,,,
1/6/2022,,,,80,,,,,,,,,,,,,,,,,,,,,,,,,
1/7/2022,,,,113,,,,,,,,,,,,,,,,,,,,,,,,,
1/8/2022,,,,75,,,,,,,,,,,,,,,,,,,,,,,,,
1/9/2022,,,,75,,,,,,,,,,,,,,,,,,,,,,,,,
1/10/2022,,,,91,,,,,,,,,,,,,,,,,,,,,,,,,
1/11/2022,,,,130,,,,,,,,,,,,,,,,,,,,,,,,,
1/12/2022,,,,113,,,,,,,,,,,,,,,,,,,,,,,,,
1/13/2022,,,,165,,,,,,,,,,,,,,,,,,,,,,,,,
1/14/2022,,,,183,,,,,,,,,,,,,,,,,,,,,,,,,
1/15/2022,,,,188,,,,,,,,,,,,,,,,,,,,,,,,,
1/16/2022,,,,195,,,,,,,,,,,,,,,,,,,,,,,,,230.6
1/17/2022,,,,230.6,,,,,,,,,,,,,,,,,,,,,,,,,170.69
1/18/2022,,,,201,,,,,,,,,,,,,,,,,,,,,,,,,265
1/19/2022,,,,224,,,,,,,,,,,,,,,,,,,,,290.5,,,,
